id,incident_id,name,description,data,data,updated_date
LOGS_0001,INC0001,Web Server Access Logs,Access logs for the web server during the reported incident,"[{\""timestamp\"": \""2025-03-20 09:01:00\"", \""ip_address\"": \""192.168.1.100\"", \""request\"": \""GET /index.html\""}, {\""timestamp\"": \""2025-03-20 09:16:00\"", \""ip_address\"": \""192.168.1.101\"", \""request\"": \""GET /products\""}, {\""timestamp\"": \""2025-03-20 09:25:00\"", \""ip_address\"": \""192.168.1.102\"", \""request\"": \""POST /login\""}, {\""timestamp\"": \""2025-03-20 09:30:00\"", \""ip_address\"": \""192.168.1.103\"", \""request\"": \""GET /images/logo.png\""}, {\""timestamp\"": \""2025-03-20 09:40:00\"", \""ip_address\"": \""192.168.1.104\"", \""request\"": \""GET /contact.html\""}, {\""timestamp\"": \""2025-03-20 09:50:00\"", \""ip_address\"": \""192.168.1.105\"", \""request\"": \""POST /submit_form\""}]   2025-03-20 09:00:00     2025-03-20 09:17:00",2025-03-20 09:00:00,2025-03-20 09:17:00
LOGS_0002,INC0002,Application Error Logs,Error logs from the application server during the connection issues,"[{\""timestamp\"": \""2025-03-20 10:16:00\"", \""level\"": \""ERROR\"", \""message\"": \""Database connection timeout\""}, {\""timestamp\"": \""2025-03-20 10:18:00\"", \""level\"": \""WARNING\"", \""message\"": \""Retrying database connection\""}, {\""timestamp\"": \""2025-03-20 10:20:00\"", \""level\"": \""INFO\"", \""message\"": \""Connection established\""}, {\""timestamp\"": \""2025-03-20 10:25:00\"", \""level\"": \""ERROR\"", \""message\"": \""Query execution failed\""}, {\""timestamp\"": \""2025-03-20 10:30:00\"", \""level\"": \""WARNING\"", \""message\"": \""Transaction rollback initiated\""}, {\""timestamp\"": \""2025-03-20 10:35:00\"", \""level\"": \""INFO\"", \""message\"": \""Application restarted\""}]      2025-03-20 10:15:00     2025-03-20 10:19:00",2025-03-20 10:15:00,2025-03-20 10:19:00
LOGS_0003,INC0003,Network Switch Syslog,Syslog messages from the core network switch around the time of the outage,"[{\""timestamp\"": \""2025-03-20 11:31:00\"", \""severity\"": \""CRITICAL\"", \""message\"": \""Interface eth0/5 down\""}, {\""timestamp\"": \""2025-03-20 11:59:00\"", \""severity\"": \""INFORMATIONAL\"", \""message\"": \""Interface eth0/5 up\""}, {\""timestamp\"": \""2025-03-20 12:05:00\"", \""severity\"": \""WARNING\"", \""message\"": \""High CPU utilization\""}, {\""timestamp\"": \""2025-03-20 12:10:00\"", \""severity\"": \""INFORMATIONAL\"", \""message\"": \""Link speed changed to 1Gbps\""}, {\""timestamp\"": \""2025-03-20 12:15:00\"", \""severity\"": \""INFO\"", \""message\"": \""Spanning tree topology change detected\""}, {\""timestamp\"": \""2025-03-20 12:20:00\"", \""severity\"": \""DEBUG\"", \""message\"": \""MAC address table updated\""}]  2025-03-20 11:30:00     2025-03-20 12:00:00",2025-03-20 11:30:00,2025-03-20 12:00:00
LOGS_0004,INC0004,Laptop Application Logs,Logs from the problematic application on the affected laptops,"[{\""timestamp\"": \""2025-03-21 13:46:00\"", \""level\"": \""INFO\"", \""message\"": \""Application started\""}, {\""timestamp\"": \""2025-03-21 13:52:00\"", \""level\"": \""ERROR\"", \""message\"": \""Out of memory error\""}, {\""timestamp\"": \""2025-03-21 13:58:00\"", \""level\"": \""DEBUG\"", \""message\"": \""Garbage collection started\""}, {\""timestamp\"": \""2025-03-21 14:05:00\"", \""level\"": \""INFO\"", \""message\"": \""Application restarted successfully\""}, {\""timestamp\"": \""2025-03-21 14:10:00\"", \""level\"": \""WARNING\"", \""message\"": \""High CPU usage detected\""}, {\""timestamp\"": \""2025-03-21 14:15:00\"", \""level\"": \""ERROR\"", \""message\"": \""File access denied\""}]   2025-03-21 13:45:00     2025-03-21 13:53:00",2025-03-21 13:45:00,2025-03-21 13:53:00
LOGS_0005,INC0005,Email Server SMTP Logs,SMTP logs from the email server showing delivery attempts,"[{\""timestamp\"": \""2025-03-22 15:01:00\"", \""direction\"": \""OUT\"", \""recipient\"": \""internal_user@example.com\"", \""status\"": \""QUEUED\""}, {\""timestamp\"": \""2025-03-22 15:15:00\"", \""direction\"": \""OUT\"", \""recipient\"": \""internal_user@example.com\"", \""status\"": \""DELIVERED\""}, {\""timestamp\"": \""2025-03-22 15:20:00\"", \""direction\"": \""IN\"", \""sender\"": \""external@example.com\"", \""status\"": \""RECEIVED\""}, {\""timestamp\"": \""2025-03-22 15:28:00\"", \""direction\"": \""OUT\"", \""recipient\"": \""external@example.com\"", \""status\"": \""FAILED\"", \""reason\"": \""HOST_UNREACHABLE\""}, {\""timestamp\"": \""2025-03-22 15:35:00\"", \""direction\"": \""IN\"", \""sender\"": \""another_external@example.com\"", \""status\"": \""BLOCKED\"", \""reason\"": \""SPAM\""}, {\""timestamp\"": \""2025-03-22 15:40:00\"", \""direction\"": \""OUT\"", \""recipient\"": \""admin@example.com\"", \""status\"": \""SENT\""}]   2025-03-22 15:00:00     2025-03-22 15:16:00",2025-03-22 15:00:00,2025-03-22 15:16:00
LOGS_0006,INC0006,Firewall Event Logs,Logs showing blocked connection attempts on the firewall,"[{\""timestamp\"": \""2025-03-23 09:01:00\"", \""action\"": \""BLOCK\"", \""protocol\"": \""TCP\"", \""source_ip\"": \""203.0.113.45\"", \""destination_port\"": 80}, {\""timestamp\"": \""2025-03-23 09:05:00\"", \""action\"": \""ALLOW\"", \""protocol\"": \""TCP\"", \""source_ip\"": \""192.168.1.50\"", \""destination_port\"": 443}]",2025-03-23 09:00:00,2025-03-23 09:06:00
LOGS_0007,INC0007,Test Application Debug Logs,Detailed debug logs from the test application,"[{\""timestamp\"": \""2025-03-20 17:46:00\"", \""level\"": \""DEBUG\"", \""module\"": \""authentication\"", \""message\"": \""User authentication successful\""}, {\""timestamp\"": \""2025-03-20 17:55:00\"", \""level\"": \""ERROR\"", \""module\"": \""data_processing\"", \""message\"": \""Null pointer exception\""}, {\""timestamp\"": \""2025-03-20 18:00:00\"", \""level\"": \""INFO\"", \""module\"": \""data_processing\"", \""message\"": \""Data loaded successfully\""}, {\""timestamp\"": \""2025-03-20 18:05:00\"", \""level\"": \""DEBUG\"", \""module\"": \""ui\"", \""message\"": \""Rendering component\""}, {\""timestamp\"": \""2025-03-20 18:10:00\"", \""level\"": \""WARNING\"", \""module\"": \""network\"", \""message\"": \""Connection timeout\""}, {\""timestamp\"": \""2025-03-20 18:15:00\"", \""level\"": \""INFO\"", \""module\"": \""network\"", \""message\"": \""Connection re-established\""}]",2025-03-20 17:45:00,2025-03-20 17:56:00
LOGS_0008,INC0008,Storage Array Performance Logs,Performance metrics logged by the storage array,"[{\""timestamp\"": \""2025-03-21 19:01:00\"", \""metric\"": \""read_iops\"", \""value\"": 150}, {\""timestamp\"": \""2025-03-21 19:10:00\"", \""metric\"": \""write_latency\"", \""value\"": 30}, {\""timestamp\"": \""2025-03-21 19:15:00\"", \""metric\"": \""read_throughput\"", \""value\"": 200}, {\""timestamp\"": \""2025-03-21 19:20:00\"", \""metric\"": \""write_iops\"", \""value\"": 80}, {\""timestamp\"": \""2025-03-21 19:25:00\"", \""metric\"": \""cpu_usage\"", \""value\"": 75}, {\""timestamp\"": \""2025-03-21 19:30:00\"", \""metric\"": \""memory_usage\"", \""value\"": 90}]",2025-03-21 19:00:00,2025-03-21 19:11:00
LOGS_0009,INC0009,Desktop Application Crash Logs,Event logs related to the desktop application crashes,"[{\""timestamp\"": \""2025-03-22 20:31:00\"", \""event_id\"": 1000, \""category\"": \""Application Crash\"", \""description\"": \""Faulting application name: App.exe\""}, {\""timestamp\"": \""2025-03-22 20:38:00\"", \""event_id\"": 1000, \""category\"": \""Application Crash\"", \""description\"": \""Faulting application name: App.exe\""}, {\""timestamp\"": \""2025-03-22 20:45:00\"", \""event_id\"": 1001, \""category\"": \""Application Error\"", \""description\"": \""Module XYZ caused an exception\""}, {\""timestamp\"": \""2025-03-22 20:50:00\"", \""event_id\"": 1000, \""category\"": \""Application Crash\"", \""description\"": \""Faulting application name: App.exe\""}, {\""timestamp\"": \""2025-03-22 20:55:00\"", \""event_id\"": 1002, \""category\"": \""Application Warning\"", \""description\"": \""Low disk space\""}, {\""timestamp\"": \""2025-03-22 21:00:00\"", \""event_id\"": 1000, \""category\"": \""Application Crash\"", \""description\"": \""Faulting application name: App.exe\""}]",2025-03-22 20:30:00,2025-03-22 20:39:00
LOGS_00010,INC00010,Load Balancer Statistics,Real-time statistics from the load balancer,"[{\""timestamp\"": \""2025-03-23 22:01:00\"", \""server\"": \""web01\"", \""connections\"": 120}, {\""timestamp\"": \""2025-03-23 22:10:00\"", \""server\"": \""web02\"", \""connections\"": 80}, {\""timestamp\"": \""2025-03-23 22:15:00\"", \""server\"": \""web03\"", \""connections\"": 100}, {\""timestamp\"": \""2025-03-23 22:20:00\"", \""server\"": \""web01\"", \""connections\"": 150}, {\""timestamp\"": \""2025-03-23 22:25:00\"", \""server\"": \""web02\"", \""connections\"": 90}, {\""timestamp\"": \""2025-03-23 22:30:00\"", \""server\"": \""web03\"", \""connections\"": 110}]",2025-03-23 22:00:00,2025-03-23 22:11:00
LOGS_00011,INC00011,Trading System Order Logs,Logs from Trading System Alpha related to order placement and execution,"[{\""timestamp\"": \""2025-03-20 09:01:00\"", \""order_id\"": \""ORD123\"", \""status\"": \""SUBMITTED\""}, {\""timestamp\"": \""2025-03-20 09:16:00\"", \""order_id\"": \""ORD124\"", \""status\"": \""FAILED\"", \""reason\"": \""NETWORK_ERROR\""}, {\""timestamp\"": \""2025-03-20 09:25:00\"", \""order_id\"": \""ORD125\"", \""status\"": \""EXECUTED\""}, {\""timestamp\"": \""2025-03-20 09:30:00\"", \""order_id\"": \""ORD126\"", \""status\"": \""CANCELLED\""}, {\""timestamp\"": \""2025-03-20 09:40:00\"", \""order_id\"": \""ORD127\"", \""status\"": \""PENDING\""}, {\""timestamp\"": \""2025-03-20 09:50:00\"", \""order_id\"": \""ORD128\"", \""status\"": \""REJECTED\""}]",2025-03-20 09:00:00,2025-03-20 09:17:00
LOGS_00012,INC00012,Transaction Database Query Logs,Logs showing queries executed on Transaction Database Beta,"[{\""timestamp\"": \""2025-03-20 10:16:00\"", \""query\"": \""SELECT * FROM transactions WHERE date = ...\"", \""duration_ms\"": 500}, {\""timestamp\"": \""2025-03-20 10:18:00\"", \""query\"": \""UPDATE accounts SET balance = ...\"", \""duration_ms\"": 1200}, {\""timestamp\"": \""2025-03-20 10:25:00\"", \""query\"": \""INSERT INTO logs (user_id, action) VALUES ...\"", \""duration_ms\"": 200}, {\""timestamp\"": \""2025-03-20 10:30:00\"", \""query\"": \""DELETE FROM temp_data WHERE id = ...\"", \""duration_ms\"": 800}, {\""timestamp\"": \""2025-03-20 10:40:00\"", \""query\"": \""SELECT AVG(amount) FROM transactions WHERE ...\"", \""duration_ms\"": 1500}, {\""timestamp\"": \""2025-03-20 10:50:00\"", \""query",2025-03-20 10:15:00,2025-03-20 10:19:00
LOGS_00013,INC00013,Risk Calculation Engine Logs,Logs from Risk Management Server Gamma's calculation engine,"[{\""timestamp\"": \""2025-03-20 11:31:00\"", \""level\"": \""ERROR\"", \""message\"": \""Calculation error for portfolio P123\""}, {\""timestamp\"": \""2025-03-20 11:59:00\"", \""level\"": \""INFO\"", \""message\"": \""Overnight risk calculation completed\""}, {\""timestamp\"": \""2025-03-20 12:05:00\"", \""level\"": \""WARNING\"", \""message\"": \""Market data feed unavailable\""}, {\""timestamp\"": \""2025-03-20 12:10:00\"", \""level\"": \""INFO\"", \""message\"": \""Risk report generated successfully\""}, {\""timestamp\"": \""2025-03-20 12:15:00\"", \""level\"": \""ERROR\"", \""message\"": \""Invalid input parameters\""}, {\""timestamp\"": \""2025-03-20 12:20:00\"", \""level\"": \""DEBUG\"", \""message\"": \""Calculation engine started\""}]",2025-03-20 11:30:00,2025-03-20 12:00:00
LOGS_00014,INC00014,Customer Portal Authentication Logs,Logs related to customer login attempts on the Customer Portal Web,"[{\""timestamp\"": \""2025-03-21 13:46:00\"", \""user_id\"": \""cust001\"", \""status\"": \""LOGIN_SUCCESS\""}, {\""timestamp\"": \""2025-03-21 13:52:00\"", \""user_id\"": \""cust002\"", \""status\"": \""LOGIN_FAILURE\"", \""reason\"": \""INVALID_PASSWORD\""}, {\""timestamp\"": \""2025-03-21 13:58:00\"", \""user_id\"": \""cust003\"", \""status\"": \""LOGIN_SUCCESS\""}, {\""timestamp\"": \""2025-03-21 14:05:00\"", \""user_id\"": \""cust004\"", \""status\"": \""LOGIN_FAILURE\"", \""reason\"": \""ACCOUNT_LOCKED\""}, {\""timestamp\"": \""2025-03-21 14:10:00\"", \""user_id\"": \""cust005\"", \""status\"": \""LOGIN_SUCCESS\""}, {\""timestamp\"": \""2025-03-21 14:15:00\"", \""user_id\"": \""cust006\"", \""status\"": \""LOGIN_FAILURE\"", \""reason\"": \""INVALID_USERNAME\""}]",2025-03-21 13:45:00,2025-03-21 13:53:00
LOGS_00015,INC00015,Payment Gateway Processing Logs,Logs from Payment Gateway Delta showing transaction processing details,"[{\""timestamp\"": \""2025-03-22 15:01:00\"", \""transaction_id\"": \""TXN456\"", \""status\"": \""PROCESSING\"", \""amount\"": 100.00}, {\""timestamp\"": \""2025-03-22 15:15:00\"", \""transaction_id\"": \""TXN457\"", \""status\"": \""TIMEOUT\""}, {\""timestamp\"": \""2025-03-22 15:20:00\"", \""transaction_id\"": \""TXN458\"", \""status\"": \""SUCCESS\"", \""amount\"": 50.00}, {\""timestamp\"": \""2025-03-22 15:25:00\"", \""transaction_id\"": \""TXN459\"", \""status\"": \""FAILED\"", \""reason\"": \""INSUFFICIENT_FUNDS\""}, {\""timestamp\"": \""2025-03-22 15:30:00\"", \""transaction_id\"": \""TXN460\"", \""status\"": \""PROCESSING\"", \""amount\"": 200.00}, {\""timestamp\"": \""2025-03-22 15:35:00\"", \""transaction_id\"": \""TXN461\"", \""status\"": \""SUCCESS\"", \""amount\"": 75.00}]",2025-03-22 15:00:00,2025-03-22 15:16:00
LOGS_00016,INC00016,Reporting Server Application Logs,Logs from Reporting Server Epsilon showing report generation activities,"[{\""timestamp\"": \""2025-03-23 09:01:00\"", \""report_name\"": \""Daily Transactions\"", \""status\"": \""STARTED\""}, {\""timestamp\"": \""2025-03-23 09:05:00\"", \""report_name\"": \""Daily Transactions\"", \""status\"": \""FAILED\"", \""error\"": \""DATABASE_CONNECTION_ERROR\""}, {\""timestamp\"": \""2025-03-23 09:10:00\"", \""report_name\"": \""Weekly Sales\"", \""status\"": \""STARTED\""}, {\""timestamp\"": \""2025-03-23 09:15:00\"", \""report_name\"": \""Weekly Sales\"", \""status\"": \""SUCCESS\""}, {\""timestamp\"": \""2025-03-23 09:20:00\"", \""report_name\"": \""Monthly Summary\"", \""status\"": \""STARTED\""}, {\""timestamp\"": \""2025-03-23 09:25:00\"", \""report_name\"": \""Monthly Summary\"", \""status\"": \""PENDING\""}]",2025-03-23 09:00:00,2025-03-23 09:06:00
LOGS_00017,INC00017,Mobile Banking App Error Logs,Error logs from the Mobile Banking App,"[{\""timestamp\"": \""2025-03-20 17:46:00\"", \""user_id\"": \""mobileuser1\"", \""screen\"": \""ACCOUNT_BALANCE\"", \""error\"": \""INCORRECT_BALANCE_DISPLAYED\""}, {\""timestamp\"": \""2025-03-20 17:55:00\"", \""user_id\"": \""mobileuser2\"", \""screen\"": \""ACCOUNT_BALANCE\"", \""error\"": \""INCORRECT_BALANCE_DISPLAYED\""}, {\""timestamp\"": \""2025-03-20 18:00:00\"", \""user_id\"": \""mobileuser3\"", \""screen\"": \""TRANSFER_FUNDS\"", \""error\"": \""INVALID_AMOUNT\""}, {\""timestamp\"": \""2025-03-20 18:05:00\"", \""user_id\"": \""mobileuser4\"", \""screen\"": \""LOGIN\"", \""error\"": \""INVALID_CREDENTIALS\""}, {\""timestamp\"": \""2025-03-20 18:10:00\"", \""user_id\"": \""mobileuser1\"", \""screen\"": \""ACCOUNT_BALANCE\"", \""error\"": \""NETWORK_ERROR\""}, {\""timestamp\"": \""2025-03-20 18:15:00\"", \""user_id\"": \""mobileuser2\"", \""screen\"": \""LOGOUT\"", \""error\"": \""SESSION_EXPIRED\""}]",2025-03-20 17:45:00,2025-03-20 17:56:00
LOGS_00018,INC00018,Compliance Audit System Logs,Logs from Compliance Audit System Zeta showing generated alerts,"[{\""timestamp\"": \""2025-03-21 19:01:00\"", \""rule_id\"": \""RULE001\"", \""severity\"": \""HIGH\"", \""description\"": \""Suspicious transaction detected\""}, {\""timestamp\"": \""2025-03-21 19:10:00\"", \""rule_id\"": \""RULE002\"", \""severity\"": \""MEDIUM\"", \""description\"": \""Unusual account activity\""}, {\""timestamp\"": \""2025-03-21 19:15:00\"", \""rule_id\"": \""RULE003\"", \""severity\"": \""LOW\"", \""description\"": \""Failed login attempts\""}, {\""timestamp\"": \""2025-03-21 19:20:00\"", \""rule_id\"": \""RULE004\"", \""severity\"": \""HIGH\"", \""description\"": \""Large cash withdrawal\""}, {\""timestamp\"": \""2025-03-21 19:25:00\"", \""rule_id\"": \""RULE005\"", \""severity\"": \""MEDIUM\"", \""description\"": \""Account opened recently\""}, {\""timestamp\"": \""2025-03-21 19:30:00\"", \""rule_id\"": \""RULE006\"", \""severity\"": \""HIGH\"", \""description\"": \""Transaction from high-risk country\""}]",2025-03-21 19:00:00,2025-03-21 19:11:00
LOGS_00019,INC00019,ATM Network Controller Logs,Logs from the ATM Network Controller related to transaction processing,"[{\""timestamp\"": \""2025-03-22 20:31:00\"", \""atm_id\"": \""ATM001\"", \""transaction_type\"": \""WITHDRAWAL\"", \""status\"": \""FAILED\"", \""reason\"": \""SOFTWARE_ERROR\""}, {\""timestamp\"": \""2025-03-22 20:38:00\"", \""atm_id\"": \""ATM002\"", \""transaction_type\"": \""BALANCE_INQUIRY\"", \""status\"": \""SUCCESS\""}, {\""timestamp\"": \""2025-03-22 20:45:00\"", \""atm_id\"": \""ATM003\"", \""transaction_type\"": \""DEPOSIT\"", \""status\"": \""SUCCESS\""}, {\""timestamp\"": \""2025-03-22 20:50:00\"", \""atm_id\"": \""ATM001\"", \""transaction_type\"": \""WITHDRAWAL\"", \""status\"": \""SUCCESS\""}, {\""timestamp\"": \""2025-03-22 20:55:00\"", \""atm_id\"": \""ATM002\"", \""transaction_type\"": \""MINI_STATEMENT\"", \""status\"": \""SUCCESS\""}, {\""timestamp\"": \""2025-03-22 21:00:00\"", \""atm_id\"": \""ATM003\"", \""transaction_type\"": \""TRANSFER\"", \""status\"": \""FAILED\"", \""reason\"": \""INSUFFICIENT_FUNDS\""}]",2025-03-22 20:30:00,2025-03-22 20:39:00
LOGS_00020,INC00020,Fraud Detection System Logs,Logs from Fraud Detection System Eta showing triggered fraud alerts,"[{\""timestamp\"": \""2025-03-23 22:01:00\"", \""rule_id\"": \""FRAUD01\"", \""severity\"": \""HIGH\"", \""description\"": \""Large unusual transaction\""}, {\""timestamp\"": \""2025-03-23 22:10:00\"", \""rule_id\"": \""FRAUD02\"", \""severity\"": \""MEDIUM\"", \""description\"": \""Multiple failed login attempts\""}, {\""timestamp\"": \""2025-03-23 22:15:00\"", \""rule_id\"": \""FRAUD03\"", \""severity\"": \""HIGH\"", \""description\"": \""Suspicious account transfer\""}, {\""timestamp\"": \""2025-03-23 22:20:00\"", \""rule_id\"": \""FRAUD04\"", \""severity\"": \""LOW\"", \""description\"": \""Unusual spending pattern\""}, {\""timestamp\"": \""2025-03-23 22:25:00\"", \""rule_id\"": \""FRAUD05\"", \""severity\"": \""MEDIUM\"", \""description\"": \""New account activity\""}, {\""timestamp\"": \""2025-03-23 22:30:00\"", \""rule_id\"": \""FRAUD06\"", \""severity\"": \""HIGH\"", \""description\"": \""Transaction from high-risk location\""}]",2025-03-23 22:00:00,2025-03-23 22:11:00
LOGS_00021,INC00021,HRIS Application Logs,Application logs from the HRIS Application Server,"[{\""timestamp\"": \""2025-03-20 09:01:00\"", \""user\"": \""hr_user_01\"", \""action\"": \""view_employee_data\""}, {\""timestamp\"": \""2025-03-20 09:16:00\"", \""level\"": \""WARNING\"", \""message\"": \""Batch job taking longer than expected\""}, {\""timestamp\"": \""2025-03-20 09:25:00\"", \""user\"": \""hr_user_02\"", \""action\"": \""add_new_employee\""}, {\""timestamp\"": \""2025-03-20 09:30:00\"", \""level\"": \""INFO\"", \""message\"": \""User session started\""}, {\""timestamp\"": \""2025-03-20 09:40:00\"", \""level\"": \""ERROR\"", \""message\"": \""Database connection error\""}, {\""timestamp\"": \""2025-03-20 09:50:00\"", \""user\"": \""hr_admin_01\"", \""action\"": \""generate_report\""}]",2025-03-20 09:00:00,2025-03-20 09:17:00
LOGS_00022,INC00022,Employee Portal Access Logs,Access logs for the Employee Portal Web Server,"[{\""timestamp\"": \""2025-03-20 10:05:00\"", \""user\"": \""employee_02\"", \""action\"": \""login\"", \""status\"": \""success\""}, {\""timestamp\"": \""2025-03-20 10:18:00\"", \""level\"": \""ERROR\"", \""message\"": \""Database connection failed\""}, {\""timestamp\"": \""2025-03-20 10:25:00\"", \""user\"": \""employee_03\"", \""action\"": \""view_paystub\""}, {\""timestamp\"": \""2025-03-20 10:30:00\"", \""user\"": \""employee_04\"", \""action\"": \""download_form\""}, {\""timestamp\"": \""2025-03-20 10:40:00\"", \""user\"": \""employee_02\"", \""action\"": \""logout\""}, {\""timestamp\"": \""2025-03-20 10:50:00\"", \""level\"": \""INFO\"", \""message\"": \""Server restarted\""}]",2025-03-20 10:00:00,2025-03-20 10:19:00
LOGS_00023,INC00023,File Server Security Logs,Security logs from the file server hosting the HR documents share,"[{\""timestamp\"": \""2025-03-20 11:35:00\"", \""user\"": \""hr_admin_03\"", \""action\"": \""access_folder\"", \""status\"": \""denied\""}, {\""timestamp\"": \""2025-03-20 11:50:00\"", \""level\"": \""INFO\"", \""message\"": \""Group policy updated\""}, {\""timestamp\"": \""2025-03-20 12:05:00\"", \""user\"": \""employee_05\"", \""action\"": \""read_file\"", \""status\"": \""success\""}, {\""timestamp\"": \""2025-03-20 12:10:00\"", \""level\"": \""WARNING\"", \""message\"": \""Unauthorized access attempt\""}, {\""timestamp\"": \""2025-03-20 12:15:00\"", \""user\"": \""hr_user_04\"", \""action\"": \""write_file\"", \""status\"": \""success\""}, {\""timestamp\"": \""2025-03-20 12:20:00\"", \""level\"": \""ERROR\"", \""message\"": \""File system corruption\""}]",2025-03-20 11:30:00,2025-03-20 11:51:00
LOGS_00024,INC00024,Time Tracking System Logs,Application logs from the Time Tracking System Server,"[{\""timestamp\"": \""2025-03-21 13:01:00\"", \""user\"": \""employee_04\"", \""action\"": \""submit",2025-03-21 13:00:00,2025-03-21 13:17:00
LOGS_00025,INC00025,Recruitment Application Logs,Application logs from the Recruitment Application Server,"[{\""timestamp\"": \""2025-03-22 14:05:00\"", \""user\"": \""candidate_123\"", \""action\"": \""login\"", \""status\"": \""failed\"", \""reason\"": \""invalid_credentials\""}, {\""timestamp\"": \""2025-03-22 14:18:00\"", \""level\"": \""WARNING\"", \""message\"": \""Authentication module rollback initiated\""}, {\""timestamp\"": \""2025-03-22 14:25:00\"", \""user\"": \""recruiter_01\"", \""action\"": \""view_application\"", \""status\"": \""success\""}, {\""timestamp\"": \""2025-03-22 14:30:00\"", \""user\"": \""candidate_124\"", \""action\"": \""apply_job\"", \""status\"": \""success\""}, {\""timestamp\"": \""2025-03-22 14:40:00\"", \""level\"": \""INFO\"", \""message\"": \""Email sent to candidate\""}, {\""timestamp\"": \""2025-03-22 14:50:00\"", \""user\"": \""recruiter_02\"", \""action\"": \""schedule_interview\"", \""status\"": \""success\""}]",2025-03-22 14:00:00,2025-03-22 14:19:00
LOGS_00026,INC00026,Benefits System Audit Logs,Audit logs from the external Benefits Administration System,"[{\‚Äùtimestamp\"": \""2025-03-23 08:01:00\"", \""user\"": \""employee_06\"", \""action\"": \""view_benefits\""}, {\""timestamp\"": \""2025-03-23 08:15:00\"", \""level\"": \""ERROR\"", \""message\"": \""Service unavailable\""}, {\""timestamp\"": \""2025-03-23 08:20:00\"", \""user\"": \""employee_07\"", \""action\"": \""enroll_benefits\""}, {\""timestamp\"": \""2025-03-23 08:25:00\"", \""level\"": \""INFO\"", \""message\"": \""Benefits enrollment successful\""}, {\""timestamp\"": \""2025-03-23 08:30:00\"", \""user\"": \""employee_08\"", \""action\"": \""change_dependent\""}, {\""timestamp\"": \""2025-03-23 08:35:00\"", \""level\"": \""WARNING\"", \""message\"": \""Data synchronization issue\""}]",2025-03-23 08:00:00,2025-03-23 08:16:00
LOGS_00027,INC00027,HR Reporting Server Logs,Application logs from the HR Reporting Server,"[{\""timestamp\"": \""2025-03-21 16:05:00\"", \""report\"": \""Employee Headcount\"", \""status\"": \""started\""}, {\""timestamp\"": \""2025-03-21 16:18:00\"", \""level\"": \""ERROR\"", \""message\"": \""Database connection error\""}, {\""timestamp\"": \""2025-03-21 16:25:00\"", \""report\"": \""Salary Summary\"", \""status\"": \""started\""}, {\""timestamp\"": \""2025-03-21 16:30:00\"", \""level\"": \""INFO\"", \""message\"": \""Report generation in progress\""}, {\""timestamp\"": \""2025-03-21 16:40:00\"", \""report\"": \""Employee Directory\"", \""status\"": \""started\""}, {\""timestamp\"": \""2025-03-21 16:50:00\"", \""level\"": \""WARNING\"", \""message\"": \""Report size exceeded limit\""}]",2025-03-21 16:00:00,2025-03-21 16:19:00
LOGS_00028,INC00028,Email Server Logs - HR Department,Email server logs related to the HR department's shared account,"[{\""timestamp\"": \""2025-03-22 18:05:00\"", \""sender\"": \""external@company.com\"", \""recipient\"": \""hr.department@example.com\"", \""action\"": \""received\"", \""status\"": \""blocked\"", \""reason\"": \""spam\""}, {\""timestamp\"": \""2025-03-22 18:18:00\"", \""level\"": \""INFO\"", \""message\"": \""Spam filter settings adjusted\""}, {\""timestamp\"": \""2025-03-22 18:25:00\"", \""sender\"": \""internal@company.com\"", \""recipient\"": \""hr.department@example.com\"", \""action\"": \""sent\"", \""status\"": \""success\""}, {\""timestamp\"": \""2025-03-22 18:30:00\"", \""level\"": \""WARNING\"", \""message\"": \""Email delivery delayed\""}, {\""timestamp\"": \""2025-03-22 18:40:00\"", \""sender\"": \""another_external@company.com\"", \""recipient\"": \""hr.department@example.com\"", \""action\"": \""received\"", \""status\"": \""success\""}, {\""timestamp\"": \""2025-03-22 18:50:00\"", \""level\"": \""ERROR\"", \""message\"": \""Mail server connection lost\""}]",2025-03-22 18:00:00,2025-03-22 18:19:00
LOGS_00029,INC00029,Laptop Application Logs - John Smith,Application event logs from John Smith's laptop,"[{\""timestamp\"": \""2025-03-23 20:01:00\"", \""application\"": \""Outlook\"", \""status\"": \""running\""}, {\""timestamp\"": \""2025-03-23 20:16:00\"", \""application\"": \""HRIS Client\"", \""status\"": \""not responding\""}, {\""timestamp\"": \""2025-03-23 20:25:00\"", \""application\"": \""Chrome\"", \""status\"": \""running\""}, {\""timestamp\"": \""2025-03-23 20:30:00\"", \""application\"": \""Word\"", \""status\"": \""running\""}, {\""timestamp\"": \""2025-03-23 20:40:00\"", \""application\"": \""Excel\"", \""status\"": \""running\""}, {\""timestamp\"": \""2025-03-23 20:50:00\"", \""application\"": \""PowerPoint\"", \""status\"": \""not responding\""}]",2025-03-23 20:00:00,2025-03-23 20:17:00
LOGS_00030,INC00030,Payroll Database Transaction Logs,Transaction logs from the Payroll Database Server,"[{\""timestamp\"": \""2025-03-23 21:05:00\"", \""transaction_id\"": \""TXN123\"", \""user\"": \""payroll_process\"", \""action\"": \""update_salaries\""}, {\""timestamp\"": \""2025-03-23 21:18:00\"", \""level\"": \""ERROR\"", \""message\"": \""Deadlock detected\""}, {\""timestamp\"": \""2025-03-23 21:25:00\"", \""transaction_id\"": \""TXN124\"", \""user\"": \""payroll_process\"", \""action\"": \""generate_paychecks\""}, {\""timestamp\"": \""2025-03-23 21:30:00\"", \""level\"": \""INFO\"", \""message\"": \""Payroll processing completed\""}, {\""timestamp\"": \""2025-03-23 21:40:00\"", \""transaction_id\"": \""TXN125\"", \""user\"": \""payroll_process\"", \""action\"": \""update_taxes\""}, {\""timestamp\"": \""2025-03-23 21:50:00\"", \""level\"": \""WARNING\"", \""message\"": \""Data inconsistency found\""}]",2025-03-23 21:00:00,2025-03-23 21:19:00